File,Sample Name,Project Name,Scientist,PI,Organisation,Purification Agent,Experimental Method,Condition,Sequencer,Comments,5' Barcode Sequence,3' Barcode Sequence,3' Adapter Name,3' Adapter Sequence,Read 1 Primer,Read 2 Primer,RT Primer,UMI Barcode Sequence,UMI Separator,GEO ID,ENA ID,PubMed ID,Type,Cell or Tissue,Organism,Protein (Purification Target)
SRR7657599_1.umi_extracted.fastq.gz,SRSF5_Hs_HEK293_SRep10_Rep1,FLASH: ultra-fast protocol to identify RNA–protein interactions in cells,Ibrahim Ilik,Asifa Akhtar,Max Planck Institute of Immunobiology and Epigenetics,HIS-STREP,iCLIP,,NextSeq 500,,,NNBBNGTGGAANN,,,,,,,,GSM3323898,,31802123,CLIP,HEK293,Hs,SRSF5
SRR7657599_2.umi_extracted.fastq.gz,SRSF5_Hs_HEK293_SRep10_Rep1,FLASH: ultra-fast protocol to identify RNA–protein interactions in cells,Ibrahim Ilik,Asifa Akhtar,Max Planck Institute of Immunobiology and Epigenetics,HIS-STREP,iCLIP,,NextSeq 500,,,NNBBNGTGGAANN,,,,,,,,GSM3323898,,31802123,CLIP,HEK293,Hs,SRSF5
SRR7657600_1.umi_extracted.fastq.gz,SRSF5_Hs_HEK293_SRep10_Rep2,FLASH: ultra-fast protocol to identify RNA–protein interactions in cells,Ibrahim Ilik,Asifa Akhtar,Max Planck Institute of Immunobiology and Epigenetics,HIS-STREP,iCLIP,,NextSeq 500,,,NNBBNTGTGAGNN,,,,,,,,GSM3323899,,31802123,CLIP,HEK293,Hs,SRSF5
SRR7657600_2.umi_extracted.fastq.gz,SRSF5_Hs_HEK293_SRep10_Rep2,FLASH: ultra-fast protocol to identify RNA–protein interactions in cells,Ibrahim Ilik,Asifa Akhtar,Max Planck Institute of Immunobiology and Epigenetics,HIS-STREP,iCLIP,,NextSeq 500,,,NNBBNTGTGAGNN,,,,,,,,GSM3323899,,31802123,CLIP,HEK293,Hs,SRSF5
SRR7657601_1.umi_extracted.fastq.gz,SRSF6_Hs_HEK293_SRep11_Rep1,FLASH: ultra-fast protocol to identify RNA–protein interactions in cells,Ibrahim Ilik,Asifa Akhtar,Max Planck Institute of Immunobiology and Epigenetics,HIS-STREP,iCLIP,,NextSeq 500,,,NNBBNTGGAACNN,,,,,,,,GSM3323900,,31802123,CLIP,HEK293,Hs,SRSF6
SRR7657601_2.umi_extracted.fastq.gz,SRSF6_Hs_HEK293_SRep11_Rep1,FLASH: ultra-fast protocol to identify RNA–protein interactions in cells,Ibrahim Ilik,Asifa Akhtar,Max Planck Institute of Immunobiology and Epigenetics,HIS-STREP,iCLIP,,NextSeq 500,,,NNBBNTGGAACNN,,,,,,,,GSM3323900,,31802123,CLIP,HEK293,Hs,SRSF6
SRR7657602_1.umi_extracted.fastq.gz,SRSF6_Hs_HEK293_SRep11_Rep2,FLASH: ultra-fast protocol to identify RNA–protein interactions in cells,Ibrahim Ilik,Asifa Akhtar,Max Planck Institute of Immunobiology and Epigenetics,HIS-STREP,iCLIP,,NextSeq 500,,,NNBBNGGTTACNN,,,,,,,,GSM3323901,,31802123,CLIP,HEK293,Hs,SRSF6
SRR7657602_2.umi_extracted.fastq.gz,SRSF6_Hs_HEK293_SRep11_Rep2,FLASH: ultra-fast protocol to identify RNA–protein interactions in cells,Ibrahim Ilik,Asifa Akhtar,Max Planck Institute of Immunobiology and Epigenetics,HIS-STREP,iCLIP,,NextSeq 500,,,NNBBNGGTTACNN,,,,,,,,GSM3323901,,31802123,CLIP,HEK293,Hs,SRSF6
SRR7657603_1.umi_extracted.fastq.gz,GFP_Hs_HEK293_SRep12_Rep1,FLASH: ultra-fast protocol to identify RNA–protein interactions in cells,Ibrahim Ilik,Asifa Akhtar,Max Planck Institute of Immunobiology and Epigenetics,HIS-STREP,iCLIP,,NextSeq 500,,,NNBBNGTGGAANN,,,,,,,,GSM3323902,,31802123,CLIP,HEK293,Hs,GFP
SRR7657603_2.umi_extracted.fastq.gz,GFP_Hs_HEK293_SRep12_Rep1,FLASH: ultra-fast protocol to identify RNA–protein interactions in cells,Ibrahim Ilik,Asifa Akhtar,Max Planck Institute of Immunobiology and Epigenetics,HIS-STREP,iCLIP,,NextSeq 500,,,NNBBNGTGGAANN,,,,,,,,GSM3323902,,31802123,CLIP,HEK293,Hs,GFP
SRR7657604_1.umi_extracted.fastq.gz,GFP_Hs_HEK293_SRep12_Rep2,FLASH: ultra-fast protocol to identify RNA–protein interactions in cells,Ibrahim Ilik,Asifa Akhtar,Max Planck Institute of Immunobiology and Epigenetics,HIS-STREP,iCLIP,,NextSeq 500,,,NNBBNTGTGAGNN,,,,,,,,GSM3323903,,31802123,CLIP,HEK293,Hs,GFP
SRR7657604_2.umi_extracted.fastq.gz,GFP_Hs_HEK293_SRep12_Rep2,FLASH: ultra-fast protocol to identify RNA–protein interactions in cells,Ibrahim Ilik,Asifa Akhtar,Max Planck Institute of Immunobiology and Epigenetics,HIS-STREP,iCLIP,,NextSeq 500,,,NNBBNTGTGAGNN,,,,,,,,GSM3323903,,31802123,CLIP,HEK293,Hs,GFP
SRR7657605_1.umi_extracted.fastq.gz,SRSF7_Hs_HEK293_SRep12_Rep1,FLASH: ultra-fast protocol to identify RNA–protein interactions in cells,Ibrahim Ilik,Asifa Akhtar,Max Planck Institute of Immunobiology and Epigenetics,HIS-STREP,iCLIP,,NextSeq 500,,,NNBBNCAAGTGNN,,,,,,,,GSM3323904,,31802123,CLIP,HEK293,Hs,SRSF7
SRR7657605_2.umi_extracted.fastq.gz,SRSF7_Hs_HEK293_SRep12_Rep1,FLASH: ultra-fast protocol to identify RNA–protein interactions in cells,Ibrahim Ilik,Asifa Akhtar,Max Planck Institute of Immunobiology and Epigenetics,HIS-STREP,iCLIP,,NextSeq 500,,,NNBBNCAAGTGNN,,,,,,,,GSM3323904,,31802123,CLIP,HEK293,Hs,SRSF7
SRR7657606_1.umi_extracted.fastq.gz,SRSF7_Hs_HEK293_SRep12_Rep2,FLASH: ultra-fast protocol to identify RNA–protein interactions in cells,Ibrahim Ilik,Asifa Akhtar,Max Planck Institute of Immunobiology and Epigenetics,HIS-STREP,iCLIP,,NextSeq 500,,,NNBBNTTAGCCNN,,,,,,,,GSM3323905,,31802123,CLIP,HEK293,Hs,SRSF7
SRR7657606_2.umi_extracted.fastq.gz,SRSF7_Hs_HEK293_SRep12_Rep2,FLASH: ultra-fast protocol to identify RNA–protein interactions in cells,Ibrahim Ilik,Asifa Akhtar,Max Planck Institute of Immunobiology and Epigenetics,HIS-STREP,iCLIP,,NextSeq 500,,,NNBBNTTAGCCNN,,,,,,,,GSM3323905,,31802123,CLIP,HEK293,Hs,SRSF7
SRR7657607_1.umi_extracted.fastq.gz,SRSF9_Hs_HEK293_SRep13_Rep1,FLASH: ultra-fast protocol to identify RNA–protein interactions in cells,Ibrahim Ilik,Asifa Akhtar,Max Planck Institute of Immunobiology and Epigenetics,HIS-STREP,iCLIP,,NextSeq 500,,,NNBBNTGGAACNN,,,,,,,,GSM3323906,,31802123,CLIP,HEK293,Hs,SRSF9
SRR7657607_2.umi_extracted.fastq.gz,SRSF9_Hs_HEK293_SRep13_Rep1,FLASH: ultra-fast protocol to identify RNA–protein interactions in cells,Ibrahim Ilik,Asifa Akhtar,Max Planck Institute of Immunobiology and Epigenetics,HIS-STREP,iCLIP,,NextSeq 500,,,NNBBNTGGAACNN,,,,,,,,GSM3323906,,31802123,CLIP,HEK293,Hs,SRSF9
SRR7657608_1.umi_extracted.fastq.gz,SRSF9_Hs_HEK293_SRep13_Rep2,FLASH: ultra-fast protocol to identify RNA–protein interactions in cells,Ibrahim Ilik,Asifa Akhtar,Max Planck Institute of Immunobiology and Epigenetics,HIS-STREP,iCLIP,,NextSeq 500,,,NNBBNGGTTACNN,,,,,,,,GSM3323907,,31802123,CLIP,HEK293,Hs,SRSF9
SRR7657608_2.umi_extracted.fastq.gz,SRSF9_Hs_HEK293_SRep13_Rep2,FLASH: ultra-fast protocol to identify RNA–protein interactions in cells,Ibrahim Ilik,Asifa Akhtar,Max Planck Institute of Immunobiology and Epigenetics,HIS-STREP,iCLIP,,NextSeq 500,,,NNBBNGGTTACNN,,,,,,,,GSM3323907,,31802123,CLIP,HEK293,Hs,SRSF9
SRR7657609_1.umi_extracted.fastq.gz,SRSF11_Hs_HEK293_SRep14_Rep1,FLASH: ultra-fast protocol to identify RNA–protein interactions in cells,Ibrahim Ilik,Asifa Akhtar,Max Planck Institute of Immunobiology and Epigenetics,HIS-STREP,iCLIP,,NextSeq 500,,,NNBBNTGGAACNN,,,,,,,,GSM3323908,,31802123,CLIP,HEK293,Hs,SRSF11
SRR7657609_2.umi_extracted.fastq.gz,SRSF11_Hs_HEK293_SRep14_Rep1,FLASH: ultra-fast protocol to identify RNA–protein interactions in cells,Ibrahim Ilik,Asifa Akhtar,Max Planck Institute of Immunobiology and Epigenetics,HIS-STREP,iCLIP,,NextSeq 500,,,NNBBNTGGAACNN,,,,,,,,GSM3323908,,31802123,CLIP,HEK293,Hs,SRSF11
SRR7657610_1.umi_extracted.fastq.gz,SRSF11_Hs_HEK293_SRep14_Rep2,FLASH: ultra-fast protocol to identify RNA–protein interactions in cells,Ibrahim Ilik,Asifa Akhtar,Max Planck Institute of Immunobiology and Epigenetics,HIS-STREP,iCLIP,,NextSeq 500,,,NNBBNGGTTACNN,,,,,,,,GSM3323909,,31802123,CLIP,HEK293,Hs,SRSF11
SRR7657610_2.umi_extracted.fastq.gz,SRSF11_Hs_HEK293_SRep14_Rep2,FLASH: ultra-fast protocol to identify RNA–protein interactions in cells,Ibrahim Ilik,Asifa Akhtar,Max Planck Institute of Immunobiology and Epigenetics,HIS-STREP,iCLIP,,NextSeq 500,,,NNBBNGGTTACNN,,,,,,,,GSM3323909,,31802123,CLIP,HEK293,Hs,SRSF11
SRR7657611_1.umi_extracted.fastq.gz,GFP_Hs_HEK293_SRep1_Rep1,FLASH: ultra-fast protocol to identify RNA–protein interactions in cells,Ibrahim Ilik,Asifa Akhtar,Max Planck Institute of Immunobiology and Epigenetics,HIS-STREP,iCLIP,,NextSeq 500,,,NNBBNGTGGAANN,,,,,,,,GSM3323910,,31802123,CLIP,HEK293,Hs,GFP
SRR7657611_2.umi_extracted.fastq.gz,GFP_Hs_HEK293_SRep1_Rep1,FLASH: ultra-fast protocol to identify RNA–protein interactions in cells,Ibrahim Ilik,Asifa Akhtar,Max Planck Institute of Immunobiology and Epigenetics,HIS-STREP,iCLIP,,NextSeq 500,,,NNBBNGTGGAANN,,,,,,,,GSM3323910,,31802123,CLIP,HEK293,Hs,GFP
SRR7657612_1.umi_extracted.fastq.gz,GFP_Hs_HEK293_SRep1_Rep2,FLASH: ultra-fast protocol to identify RNA–protein interactions in cells,Ibrahim Ilik,Asifa Akhtar,Max Planck Institute of Immunobiology and Epigenetics,HIS-STREP,iCLIP,,NextSeq 500,,,NNBBNTGTGAGNN,,,,,,,,GSM3323911,,31802123,CLIP,HEK293,Hs,GFP
SRR7657612_2.umi_extracted.fastq.gz,GFP_Hs_HEK293_SRep1_Rep2,FLASH: ultra-fast protocol to identify RNA–protein interactions in cells,Ibrahim Ilik,Asifa Akhtar,Max Planck Institute of Immunobiology and Epigenetics,HIS-STREP,iCLIP,,NextSeq 500,,,NNBBNTGTGAGNN,,,,,,,,GSM3323911,,31802123,CLIP,HEK293,Hs,GFP
SRR7657613_1.umi_extracted.fastq.gz,SRSF1_Hs_HEK293_SRep1_Rep1,FLASH: ultra-fast protocol to identify RNA–protein interactions in cells,Ibrahim Ilik,Asifa Akhtar,Max Planck Institute of Immunobiology and Epigenetics,HIS-STREP,iCLIP,,NextSeq 500,,,NNBBNCAAGTGNN,,,,,,,,GSM3323912,,31802123,CLIP,HEK293,Hs,SRSF1
SRR7657613_2.umi_extracted.fastq.gz,SRSF1_Hs_HEK293_SRep1_Rep1,FLASH: ultra-fast protocol to identify RNA–protein interactions in cells,Ibrahim Ilik,Asifa Akhtar,Max Planck Institute of Immunobiology and Epigenetics,HIS-STREP,iCLIP,,NextSeq 500,,,NNBBNCAAGTGNN,,,,,,,,GSM3323912,,31802123,CLIP,HEK293,Hs,SRSF1
SRR7657614_1.umi_extracted.fastq.gz,SRSF1_Hs_HEK293_SRep1_Rep2,FLASH: ultra-fast protocol to identify RNA–protein interactions in cells,Ibrahim Ilik,Asifa Akhtar,Max Planck Institute of Immunobiology and Epigenetics,HIS-STREP,iCLIP,,NextSeq 500,,,NNBBNTTAGCCNN,,,,,,,,GSM3323913,,31802123,CLIP,HEK293,Hs,SRSF1
SRR7657614_2.umi_extracted.fastq.gz,SRSF1_Hs_HEK293_SRep1_Rep2,FLASH: ultra-fast protocol to identify RNA–protein interactions in cells,Ibrahim Ilik,Asifa Akhtar,Max Planck Institute of Immunobiology and Epigenetics,HIS-STREP,iCLIP,,NextSeq 500,,,NNBBNTTAGCCNN,,,,,,,,GSM3323913,,31802123,CLIP,HEK293,Hs,SRSF1
SRR7657615_1.umi_extracted.fastq.gz,GFP_Hs_HEK293_SR5_Rep1,FLASH: ultra-fast protocol to identify RNA–protein interactions in cells,Ibrahim Ilik,Asifa Akhtar,Max Planck Institute of Immunobiology and Epigenetics,HIS-STREP,iCLIP,,NextSeq 500,,,NNBBNTGTGAGNN,,,,,,,,GSM3323914,,31802123,CLIP,HEK293,Hs,GFP
SRR7657615_2.umi_extracted.fastq.gz,GFP_Hs_HEK293_SR5_Rep1,FLASH: ultra-fast protocol to identify RNA–protein interactions in cells,Ibrahim Ilik,Asifa Akhtar,Max Planck Institute of Immunobiology and Epigenetics,HIS-STREP,iCLIP,,NextSeq 500,,,NNBBNTGTGAGNN,,,,,,,,GSM3323914,,31802123,CLIP,HEK293,Hs,GFP
SRR7657616_1.umi_extracted.fastq.gz,GFP_Hs_HEK293_SR5_Rep2,FLASH: ultra-fast protocol to identify RNA–protein interactions in cells,Ibrahim Ilik,Asifa Akhtar,Max Planck Institute of Immunobiology and Epigenetics,HIS-STREP,iCLIP,,NextSeq 500,,,NNBBNTGGAACNN,,,,,,,,GSM3323915,,31802123,CLIP,HEK293,Hs,GFP
SRR7657616_2.umi_extracted.fastq.gz,GFP_Hs_HEK293_SR5_Rep2,FLASH: ultra-fast protocol to identify RNA–protein interactions in cells,Ibrahim Ilik,Asifa Akhtar,Max Planck Institute of Immunobiology and Epigenetics,HIS-STREP,iCLIP,,NextSeq 500,,,NNBBNTGGAACNN,,,,,,,,GSM3323915,,31802123,CLIP,HEK293,Hs,GFP
SRR7657617_1.umi_extracted.fastq.gz,SRSF2_Hs_HEK293_SR5_Rep1,FLASH: ultra-fast protocol to identify RNA–protein interactions in cells,Ibrahim Ilik,Asifa Akhtar,Max Planck Institute of Immunobiology and Epigenetics,HIS-STREP,iCLIP,,NextSeq 500,,,NNBBNCAAGTGNN,,,,,,,,GSM3323916,,31802123,CLIP,HEK293,Hs,SRSF2
SRR7657617_2.umi_extracted.fastq.gz,SRSF2_Hs_HEK293_SR5_Rep1,FLASH: ultra-fast protocol to identify RNA–protein interactions in cells,Ibrahim Ilik,Asifa Akhtar,Max Planck Institute of Immunobiology and Epigenetics,HIS-STREP,iCLIP,,NextSeq 500,,,NNBBNCAAGTGNN,,,,,,,,GSM3323916,,31802123,CLIP,HEK293,Hs,SRSF2
SRR7657618_1.umi_extracted.fastq.gz,SRSF2_Hs_HEK293_SR5_Rep2,FLASH: ultra-fast protocol to identify RNA–protein interactions in cells,Ibrahim Ilik,Asifa Akhtar,Max Planck Institute of Immunobiology and Epigenetics,HIS-STREP,iCLIP,,NextSeq 500,,,NNBBNTTAGCCNN,,,,,,,,GSM3323917,,31802123,CLIP,HEK293,Hs,SRSF2
SRR7657618_2.umi_extracted.fastq.gz,SRSF2_Hs_HEK293_SR5_Rep2,FLASH: ultra-fast protocol to identify RNA–protein interactions in cells,Ibrahim Ilik,Asifa Akhtar,Max Planck Institute of Immunobiology and Epigenetics,HIS-STREP,iCLIP,,NextSeq 500,,,NNBBNTTAGCCNN,,,,,,,,GSM3323917,,31802123,CLIP,HEK293,Hs,SRSF2
SRR7657619_1.umi_extracted.fastq.gz,GFP_Hs_HEK293_SR7_Rep1,FLASH: ultra-fast protocol to identify RNA–protein interactions in cells,Ibrahim Ilik,Asifa Akhtar,Max Planck Institute of Immunobiology and Epigenetics,HIS-STREP,iCLIP,,NextSeq 500,,,NNBBNGTGGAANN,,,,,,,,GSM3323918,,31802123,CLIP,HEK293,Hs,GFP
SRR7657619_2.umi_extracted.fastq.gz,GFP_Hs_HEK293_SR7_Rep1,FLASH: ultra-fast protocol to identify RNA–protein interactions in cells,Ibrahim Ilik,Asifa Akhtar,Max Planck Institute of Immunobiology and Epigenetics,HIS-STREP,iCLIP,,NextSeq 500,,,NNBBNGTGGAANN,,,,,,,,GSM3323918,,31802123,CLIP,HEK293,Hs,GFP
SRR7657620_1.umi_extracted.fastq.gz,GFP_Hs_HEK293_SR7_Rep2,FLASH: ultra-fast protocol to identify RNA–protein interactions in cells,Ibrahim Ilik,Asifa Akhtar,Max Planck Institute of Immunobiology and Epigenetics,HIS-STREP,iCLIP,,NextSeq 500,,,NNBBNTGTGAGNN,,,,,,,,GSM3323919,,31802123,CLIP,HEK293,Hs,GFP
SRR7657620_2.umi_extracted.fastq.gz,GFP_Hs_HEK293_SR7_Rep2,FLASH: ultra-fast protocol to identify RNA–protein interactions in cells,Ibrahim Ilik,Asifa Akhtar,Max Planck Institute of Immunobiology and Epigenetics,HIS-STREP,iCLIP,,NextSeq 500,,,NNBBNTGTGAGNN,,,,,,,,GSM3323919,,31802123,CLIP,HEK293,Hs,GFP
SRR7657621_1.umi_extracted.fastq.gz,SRSF2_P95H_Hs_HEK293_SR7_Rep1,FLASH: ultra-fast protocol to identify RNA–protein interactions in cells,Ibrahim Ilik,Asifa Akhtar,Max Planck Institute of Immunobiology and Epigenetics,HIS-STREP,iCLIP,,NextSeq 500,,,NNBBNCAAGTGNN,,,,,,,,GSM3323920,,31802123,CLIP,HEK293,Hs,SRSF2:P95H
SRR7657621_2.umi_extracted.fastq.gz,SRSF2_P95H_Hs_HEK293_SR7_Rep1,FLASH: ultra-fast protocol to identify RNA–protein interactions in cells,Ibrahim Ilik,Asifa Akhtar,Max Planck Institute of Immunobiology and Epigenetics,HIS-STREP,iCLIP,,NextSeq 500,,,NNBBNCAAGTGNN,,,,,,,,GSM3323920,,31802123,CLIP,HEK293,Hs,SRSF2:P95H
SRR7657622_1.umi_extracted.fastq.gz,SRSF2_P95H_Hs_HEK293_SR7_Rep2,FLASH: ultra-fast protocol to identify RNA–protein interactions in cells,Ibrahim Ilik,Asifa Akhtar,Max Planck Institute of Immunobiology and Epigenetics,HIS-STREP,iCLIP,,NextSeq 500,,,NNBBNTTAGCCNN,,,,,,,,GSM3323921,,31802123,CLIP,HEK293,Hs,SRSF2:P95H
SRR7657622_2.umi_extracted.fastq.gz,SRSF2_P95H_Hs_HEK293_SR7_Rep2,FLASH: ultra-fast protocol to identify RNA–protein interactions in cells,Ibrahim Ilik,Asifa Akhtar,Max Planck Institute of Immunobiology and Epigenetics,HIS-STREP,iCLIP,,NextSeq 500,,,NNBBNTTAGCCNN,,,,,,,,GSM3323921,,31802123,CLIP,HEK293,Hs,SRSF2:P95H
SRR7657623_1.umi_extracted.fastq.gz,SRSF3_Hs_HEK293_SR8_Rep1,FLASH: ultra-fast protocol to identify RNA–protein interactions in cells,Ibrahim Ilik,Asifa Akhtar,Max Planck Institute of Immunobiology and Epigenetics,HIS-STREP,iCLIP,,NextSeq 500,,,NNBBNTGGAACNN,,,,,,,,GSM3323922,,31802123,CLIP,HEK293,Hs,SRSF3
SRR7657623_2.umi_extracted.fastq.gz,SRSF3_Hs_HEK293_SR8_Rep1,FLASH: ultra-fast protocol to identify RNA–protein interactions in cells,Ibrahim Ilik,Asifa Akhtar,Max Planck Institute of Immunobiology and Epigenetics,HIS-STREP,iCLIP,,NextSeq 500,,,NNBBNTGGAACNN,,,,,,,,GSM3323922,,31802123,CLIP,HEK293,Hs,SRSF3
SRR7657624_1.umi_extracted.fastq.gz,SRSF3_Hs_HEK293_SR8_Rep2,FLASH: ultra-fast protocol to identify RNA–protein interactions in cells,Ibrahim Ilik,Asifa Akhtar,Max Planck Institute of Immunobiology and Epigenetics,HIS-STREP,iCLIP,,NextSeq 500,,,NNBBNGGTTACNN,,,,,,,,GSM3323923,,31802123,CLIP,HEK293,Hs,SRSF3
SRR7657624_2.umi_extracted.fastq.gz,SRSF3_Hs_HEK293_SR8_Rep2,FLASH: ultra-fast protocol to identify RNA–protein interactions in cells,Ibrahim Ilik,Asifa Akhtar,Max Planck Institute of Immunobiology and Epigenetics,HIS-STREP,iCLIP,,NextSeq 500,,,NNBBNGGTTACNN,,,,,,,,GSM3323923,,31802123,CLIP,HEK293,Hs,SRSF3
SRR7657625_1.umi_extracted.fastq.gz,SRSF4_Hs_HEK293_SR9_Rep1,FLASH: ultra-fast protocol to identify RNA–protein interactions in cells,Ibrahim Ilik,Asifa Akhtar,Max Planck Institute of Immunobiology and Epigenetics,HIS-STREP,iCLIP,,NextSeq 500,,,NNBBNCAAGTGNN,,,,,,,,GSM3323924,,31802123,CLIP,HEK293,Hs,SRSF4
SRR7657625_2.umi_extracted.fastq.gz,SRSF4_Hs_HEK293_SR9_Rep1,FLASH: ultra-fast protocol to identify RNA–protein interactions in cells,Ibrahim Ilik,Asifa Akhtar,Max Planck Institute of Immunobiology and Epigenetics,HIS-STREP,iCLIP,,NextSeq 500,,,NNBBNCAAGTGNN,,,,,,,,GSM3323924,,31802123,CLIP,HEK293,Hs,SRSF4
SRR7657626_1.umi_extracted.fastq.gz,SRSF4_Hs_HEK293_SR9_Rep2,FLASH: ultra-fast protocol to identify RNA–protein interactions in cells,Ibrahim Ilik,Asifa Akhtar,Max Planck Institute of Immunobiology and Epigenetics,HIS-STREP,iCLIP,,NextSeq 500,,,NNBBNTTAGCCNN,,,,,,,,GSM3323925,,31802123,CLIP,HEK293,Hs,SRSF4
SRR7657626_2.umi_extracted.fastq.gz,SRSF4_Hs_HEK293_SR9_Rep2,FLASH: ultra-fast protocol to identify RNA–protein interactions in cells,Ibrahim Ilik,Asifa Akhtar,Max Planck Institute of Immunobiology and Epigenetics,HIS-STREP,iCLIP,,NextSeq 500,,,NNBBNTTAGCCNN,,,,,,,,GSM3323925,,31802123,CLIP,HEK293,Hs,SRSF4
SRR7657627_1.umi_extracted.fastq.gz,GFP_Hs_HEK293_XF1_RepA,FLASH: ultra-fast protocol to identify RNA–protein interactions in cells,Ibrahim Ilik,Asifa Akhtar,Max Planck Institute of Immunobiology and Epigenetics,HIS-STREP,iCLIP,,NextSeq 500,,,NNRRNGTGGAANN,,,,,,,,GSM3323926,,31802123,CLIP,HEK293,Hs,GFP
SRR7657627_2.umi_extracted.fastq.gz,GFP_Hs_HEK293_XF1_RepA,FLASH: ultra-fast protocol to identify RNA–protein interactions in cells,Ibrahim Ilik,Asifa Akhtar,Max Planck Institute of Immunobiology and Epigenetics,HIS-STREP,iCLIP,,NextSeq 500,,,NNRRNGTGGAANN,,,,,,,,GSM3323926,,31802123,CLIP,HEK293,Hs,GFP
SRR7657628_1.umi_extracted.fastq.gz,GFP_Hs_HEK293_XF1_RepB,FLASH: ultra-fast protocol to identify RNA–protein interactions in cells,Ibrahim Ilik,Asifa Akhtar,Max Planck Institute of Immunobiology and Epigenetics,HIS-STREP,iCLIP,,NextSeq 500,,,NNYYNGTGGAANN,,,,,,,,GSM3323927,,31802123,CLIP,HEK293,Hs,GFP
SRR7657628_2.umi_extracted.fastq.gz,GFP_Hs_HEK293_XF1_RepB,FLASH: ultra-fast protocol to identify RNA–protein interactions in cells,Ibrahim Ilik,Asifa Akhtar,Max Planck Institute of Immunobiology and Epigenetics,HIS-STREP,iCLIP,,NextSeq 500,,,NNYYNGTGGAANN,,,,,,,,GSM3323927,,31802123,CLIP,HEK293,Hs,GFP
SRR7657629_1.umi_extracted.fastq.gz,QKI5_Hs_HEK293_XF1_RepA,FLASH: ultra-fast protocol to identify RNA–protein interactions in cells,Ibrahim Ilik,Asifa Akhtar,Max Planck Institute of Immunobiology and Epigenetics,HIS-STREP,iCLIP,,NextSeq 500,,,NNRRNCAAGTGNN,,,,,,,,GSM3323928,,31802123,CLIP,HEK293,Hs,QKI5
SRR7657629_2.umi_extracted.fastq.gz,QKI5_Hs_HEK293_XF1_RepA,FLASH: ultra-fast protocol to identify RNA–protein interactions in cells,Ibrahim Ilik,Asifa Akhtar,Max Planck Institute of Immunobiology and Epigenetics,HIS-STREP,iCLIP,,NextSeq 500,,,NNRRNCAAGTGNN,,,,,,,,GSM3323928,,31802123,CLIP,HEK293,Hs,QKI5
SRR7657630_1.umi_extracted.fastq.gz,QKI5_Hs_HEK293_XF1_RepB,FLASH: ultra-fast protocol to identify RNA–protein interactions in cells,Ibrahim Ilik,Asifa Akhtar,Max Planck Institute of Immunobiology and Epigenetics,HIS-STREP,iCLIP,,NextSeq 500,,,NNYYNCAAGTGNN,,,,,,,,GSM3323929,,31802123,CLIP,HEK293,Hs,QKI5
SRR7657630_2.umi_extracted.fastq.gz,QKI5_Hs_HEK293_XF1_RepB,FLASH: ultra-fast protocol to identify RNA–protein interactions in cells,Ibrahim Ilik,Asifa Akhtar,Max Planck Institute of Immunobiology and Epigenetics,HIS-STREP,iCLIP,,NextSeq 500,,,NNYYNCAAGTGNN,,,,,,,,GSM3323929,,31802123,CLIP,HEK293,Hs,QKI5
SRR7657631_1.umi_extracted.fastq.gz,QKI6_Hs_HEK293_XF1_RepA,FLASH: ultra-fast protocol to identify RNA–protein interactions in cells,Ibrahim Ilik,Asifa Akhtar,Max Planck Institute of Immunobiology and Epigenetics,HIS-STREP,iCLIP,,NextSeq 500,,,NNRRNTTAGCCNN,,,,,,,,GSM3323930,,31802123,CLIP,HEK293,Hs,QKI6
SRR7657631_2.umi_extracted.fastq.gz,QKI6_Hs_HEK293_XF1_RepA,FLASH: ultra-fast protocol to identify RNA–protein interactions in cells,Ibrahim Ilik,Asifa Akhtar,Max Planck Institute of Immunobiology and Epigenetics,HIS-STREP,iCLIP,,NextSeq 500,,,NNRRNTTAGCCNN,,,,,,,,GSM3323930,,31802123,CLIP,HEK293,Hs,QKI6
SRR7657632_1.umi_extracted.fastq.gz,QKI6_Hs_HEK293_XF1_RepB,FLASH: ultra-fast protocol to identify RNA–protein interactions in cells,Ibrahim Ilik,Asifa Akhtar,Max Planck Institute of Immunobiology and Epigenetics,HIS-STREP,iCLIP,,NextSeq 500,,,NNYYNTTAGCCNN,,,,,,,,GSM3323931,,31802123,CLIP,HEK293,Hs,QKI6
SRR7657632_2.umi_extracted.fastq.gz,QKI6_Hs_HEK293_XF1_RepB,FLASH: ultra-fast protocol to identify RNA–protein interactions in cells,Ibrahim Ilik,Asifa Akhtar,Max Planck Institute of Immunobiology and Epigenetics,HIS-STREP,iCLIP,,NextSeq 500,,,NNYYNTTAGCCNN,,,,,,,,GSM3323931,,31802123,CLIP,HEK293,Hs,QKI6
SRR7657633_1.umi_extracted.fastq.gz,GFP_Hs_HEK293_XF2_RepA,FLASH: ultra-fast protocol to identify RNA–protein interactions in cells,Ibrahim Ilik,Asifa Akhtar,Max Planck Institute of Immunobiology and Epigenetics,HIS-STREP,iCLIP,,NextSeq 500,,,NNRRNGTGGAANN,,,,,,,,GSM3323932,,31802123,CLIP,HEK293,Hs,GFP
SRR7657633_2.umi_extracted.fastq.gz,GFP_Hs_HEK293_XF2_RepA,FLASH: ultra-fast protocol to identify RNA–protein interactions in cells,Ibrahim Ilik,Asifa Akhtar,Max Planck Institute of Immunobiology and Epigenetics,HIS-STREP,iCLIP,,NextSeq 500,,,NNRRNGTGGAANN,,,,,,,,GSM3323932,,31802123,CLIP,HEK293,Hs,GFP
SRR7657634_1.umi_extracted.fastq.gz,GFP_Hs_HEK293_XF2_RepB,FLASH: ultra-fast protocol to identify RNA–protein interactions in cells,Ibrahim Ilik,Asifa Akhtar,Max Planck Institute of Immunobiology and Epigenetics,HIS-STREP,iCLIP,,NextSeq 500,,,NNYYNGTGGAANN,,,,,,,,GSM3323933,,31802123,CLIP,HEK293,Hs,GFP
SRR7657634_2.umi_extracted.fastq.gz,GFP_Hs_HEK293_XF2_RepB,FLASH: ultra-fast protocol to identify RNA–protein interactions in cells,Ibrahim Ilik,Asifa Akhtar,Max Planck Institute of Immunobiology and Epigenetics,HIS-STREP,iCLIP,,NextSeq 500,,,NNYYNGTGGAANN,,,,,,,,GSM3323933,,31802123,CLIP,HEK293,Hs,GFP
SRR7657635_1.umi_extracted.fastq.gz,QKI5_Hs_HEK293_XF2_RepA,FLASH: ultra-fast protocol to identify RNA–protein interactions in cells,Ibrahim Ilik,Asifa Akhtar,Max Planck Institute of Immunobiology and Epigenetics,HIS-STREP,iCLIP,,NextSeq 500,,,NNRRNCAAGTGNN,,,,,,,,GSM3323934,,31802123,CLIP,HEK293,Hs,QKI5
SRR7657635_2.umi_extracted.fastq.gz,QKI5_Hs_HEK293_XF2_RepA,FLASH: ultra-fast protocol to identify RNA–protein interactions in cells,Ibrahim Ilik,Asifa Akhtar,Max Planck Institute of Immunobiology and Epigenetics,HIS-STREP,iCLIP,,NextSeq 500,,,NNRRNCAAGTGNN,,,,,,,,GSM3323934,,31802123,CLIP,HEK293,Hs,QKI5
SRR7657636_1.umi_extracted.fastq.gz,QKI5_Hs_HEK293_XF2_RepB,FLASH: ultra-fast protocol to identify RNA–protein interactions in cells,Ibrahim Ilik,Asifa Akhtar,Max Planck Institute of Immunobiology and Epigenetics,HIS-STREP,iCLIP,,NextSeq 500,,,NNYYNCAAGTGNN,,,,,,,,GSM3323935,,31802123,CLIP,HEK293,Hs,QKI5
SRR7657636_2.umi_extracted.fastq.gz,QKI5_Hs_HEK293_XF2_RepB,FLASH: ultra-fast protocol to identify RNA–protein interactions in cells,Ibrahim Ilik,Asifa Akhtar,Max Planck Institute of Immunobiology and Epigenetics,HIS-STREP,iCLIP,,NextSeq 500,,,NNYYNCAAGTGNN,,,,,,,,GSM3323935,,31802123,CLIP,HEK293,Hs,QKI5
SRR7657637_1.umi_extracted.fastq.gz,QKI6_Hs_HEK293_XF2_RepA,FLASH: ultra-fast protocol to identify RNA–protein interactions in cells,Ibrahim Ilik,Asifa Akhtar,Max Planck Institute of Immunobiology and Epigenetics,HIS-STREP,iCLIP,,NextSeq 500,,,NNRRNTTAGCCNN,,,,,,,,GSM3323936,,31802123,CLIP,HEK293,Hs,QKI6
SRR7657637_2.umi_extracted.fastq.gz,QKI6_Hs_HEK293_XF2_RepA,FLASH: ultra-fast protocol to identify RNA–protein interactions in cells,Ibrahim Ilik,Asifa Akhtar,Max Planck Institute of Immunobiology and Epigenetics,HIS-STREP,iCLIP,,NextSeq 500,,,NNRRNTTAGCCNN,,,,,,,,GSM3323936,,31802123,CLIP,HEK293,Hs,QKI6
SRR7657638_1.umi_extracted.fastq.gz,QKI6_Hs_HEK293_XF2_RepB,FLASH: ultra-fast protocol to identify RNA–protein interactions in cells,Ibrahim Ilik,Asifa Akhtar,Max Planck Institute of Immunobiology and Epigenetics,HIS-STREP,iCLIP,,NextSeq 500,,,NNYYNTTAGCCNN,,,,,,,,GSM3323937,,31802123,CLIP,HEK293,Hs,QKI6
SRR7657638_2.umi_extracted.fastq.gz,QKI6_Hs_HEK293_XF2_RepB,FLASH: ultra-fast protocol to identify RNA–protein interactions in cells,Ibrahim Ilik,Asifa Akhtar,Max Planck Institute of Immunobiology and Epigenetics,HIS-STREP,iCLIP,,NextSeq 500,,,NNYYNTTAGCCNN,,,,,,,,GSM3323937,,31802123,CLIP,HEK293,Hs,QKI6
SRR7657639_1.umi_extracted.fastq.gz,GFP_Hs_HEK293_XF3_RepA,FLASH: ultra-fast protocol to identify RNA–protein interactions in cells,Ibrahim Ilik,Asifa Akhtar,Max Planck Institute of Immunobiology and Epigenetics,HIS-STREP,iCLIP,,NextSeq 500,,,NNRRNGTGGAANN,,,,,,,,GSM3323938,,31802123,CLIP,HEK293,Hs,GFP
SRR7657639_2.umi_extracted.fastq.gz,GFP_Hs_HEK293_XF3_RepA,FLASH: ultra-fast protocol to identify RNA–protein interactions in cells,Ibrahim Ilik,Asifa Akhtar,Max Planck Institute of Immunobiology and Epigenetics,HIS-STREP,iCLIP,,NextSeq 500,,,NNRRNGTGGAANN,,,,,,,,GSM3323938,,31802123,CLIP,HEK293,Hs,GFP
SRR7657640_1.umi_extracted.fastq.gz,GFP_Hs_HEK293_XF3_RepB,FLASH: ultra-fast protocol to identify RNA–protein interactions in cells,Ibrahim Ilik,Asifa Akhtar,Max Planck Institute of Immunobiology and Epigenetics,HIS-STREP,iCLIP,,NextSeq 500,,,NNYYNGTGGAANN,,,,,,,,GSM3323939,,31802123,CLIP,HEK293,Hs,GFP
SRR7657640_2.umi_extracted.fastq.gz,GFP_Hs_HEK293_XF3_RepB,FLASH: ultra-fast protocol to identify RNA–protein interactions in cells,Ibrahim Ilik,Asifa Akhtar,Max Planck Institute of Immunobiology and Epigenetics,HIS-STREP,iCLIP,,NextSeq 500,,,NNYYNGTGGAANN,,,,,,,,GSM3323939,,31802123,CLIP,HEK293,Hs,GFP
SRR7657641_1.umi_extracted.fastq.gz,QKI5_Hs_HEK293_XF3_RepA,FLASH: ultra-fast protocol to identify RNA–protein interactions in cells,Ibrahim Ilik,Asifa Akhtar,Max Planck Institute of Immunobiology and Epigenetics,HIS-STREP,iCLIP,,NextSeq 500,,,NNRRNCAAGTGNN,,,,,,,,GSM3323940,,31802123,CLIP,HEK293,Hs,QKI5
SRR7657641_2.umi_extracted.fastq.gz,QKI5_Hs_HEK293_XF3_RepA,FLASH: ultra-fast protocol to identify RNA–protein interactions in cells,Ibrahim Ilik,Asifa Akhtar,Max Planck Institute of Immunobiology and Epigenetics,HIS-STREP,iCLIP,,NextSeq 500,,,NNRRNCAAGTGNN,,,,,,,,GSM3323940,,31802123,CLIP,HEK293,Hs,QKI5
SRR7657642_1.umi_extracted.fastq.gz,QKI5_Hs_HEK293_XF3_RepB,FLASH: ultra-fast protocol to identify RNA–protein interactions in cells,Ibrahim Ilik,Asifa Akhtar,Max Planck Institute of Immunobiology and Epigenetics,HIS-STREP,iCLIP,,NextSeq 500,,,NNYYNCAAGTGNN,,,,,,,,GSM3323941,,31802123,CLIP,HEK293,Hs,QKI5
SRR7657642_2.umi_extracted.fastq.gz,QKI5_Hs_HEK293_XF3_RepB,FLASH: ultra-fast protocol to identify RNA–protein interactions in cells,Ibrahim Ilik,Asifa Akhtar,Max Planck Institute of Immunobiology and Epigenetics,HIS-STREP,iCLIP,,NextSeq 500,,,NNYYNCAAGTGNN,,,,,,,,GSM3323941,,31802123,CLIP,HEK293,Hs,QKI5
SRR7657643_1.umi_extracted.fastq.gz,QKI6_Hs_HEK293_XF3_RepA,FLASH: ultra-fast protocol to identify RNA–protein interactions in cells,Ibrahim Ilik,Asifa Akhtar,Max Planck Institute of Immunobiology and Epigenetics,HIS-STREP,iCLIP,,NextSeq 500,,,NNRRNTTAGCCNN,,,,,,,,GSM3323942,,31802123,CLIP,HEK293,Hs,QKI6
SRR7657643_2.umi_extracted.fastq.gz,QKI6_Hs_HEK293_XF3_RepA,FLASH: ultra-fast protocol to identify RNA–protein interactions in cells,Ibrahim Ilik,Asifa Akhtar,Max Planck Institute of Immunobiology and Epigenetics,HIS-STREP,iCLIP,,NextSeq 500,,,NNRRNTTAGCCNN,,,,,,,,GSM3323942,,31802123,CLIP,HEK293,Hs,QKI6
SRR7657644_1.umi_extracted.fastq.gz,QKI6_Hs_HEK293_XF3_RepB,FLASH: ultra-fast protocol to identify RNA–protein interactions in cells,Ibrahim Ilik,Asifa Akhtar,Max Planck Institute of Immunobiology and Epigenetics,HIS-STREP,iCLIP,,NextSeq 500,,,NNYYNTTAGCCNN,,,,,,,,GSM3323943,,31802123,CLIP,HEK293,Hs,QKI6
SRR7657644_2.umi_extracted.fastq.gz,QKI6_Hs_HEK293_XF3_RepB,FLASH: ultra-fast protocol to identify RNA–protein interactions in cells,Ibrahim Ilik,Asifa Akhtar,Max Planck Institute of Immunobiology and Epigenetics,HIS-STREP,iCLIP,,NextSeq 500,,,NNYYNTTAGCCNN,,,,,,,,GSM3323943,,31802123,CLIP,HEK293,Hs,QKI6
SRR7657645_1.umi_extracted.fastq.gz,GFP_Hs_HEK293_XF4_RepA,FLASH: ultra-fast protocol to identify RNA–protein interactions in cells,Ibrahim Ilik,Asifa Akhtar,Max Planck Institute of Immunobiology and Epigenetics,HIS-STREP,iCLIP,,NextSeq 500,,,NNRRNGTGGAANN,,,,,,,,GSM3323944,,31802123,CLIP,HEK293,Hs,GFP
SRR7657645_2.umi_extracted.fastq.gz,GFP_Hs_HEK293_XF4_RepA,FLASH: ultra-fast protocol to identify RNA–protein interactions in cells,Ibrahim Ilik,Asifa Akhtar,Max Planck Institute of Immunobiology and Epigenetics,HIS-STREP,iCLIP,,NextSeq 500,,,NNRRNGTGGAANN,,,,,,,,GSM3323944,,31802123,CLIP,HEK293,Hs,GFP
SRR7657646_1.umi_extracted.fastq.gz,GFP_Hs_HEK293_XF4_RepB,FLASH: ultra-fast protocol to identify RNA–protein interactions in cells,Ibrahim Ilik,Asifa Akhtar,Max Planck Institute of Immunobiology and Epigenetics,HIS-STREP,iCLIP,,NextSeq 500,,,NNYYNGTGGAANN,,,,,,,,GSM3323945,,31802123,CLIP,HEK293,Hs,GFP
SRR7657646_2.umi_extracted.fastq.gz,GFP_Hs_HEK293_XF4_RepB,FLASH: ultra-fast protocol to identify RNA–protein interactions in cells,Ibrahim Ilik,Asifa Akhtar,Max Planck Institute of Immunobiology and Epigenetics,HIS-STREP,iCLIP,,NextSeq 500,,,NNYYNGTGGAANN,,,,,,,,GSM3323945,,31802123,CLIP,HEK293,Hs,GFP
SRR7657647_1.umi_extracted.fastq.gz,QKI5_Hs_HEK293_XF4_RepA,FLASH: ultra-fast protocol to identify RNA–protein interactions in cells,Ibrahim Ilik,Asifa Akhtar,Max Planck Institute of Immunobiology and Epigenetics,HIS-STREP,iCLIP,,NextSeq 500,,,NNRRNCAAGTGNN,,,,,,,,GSM3323946,,31802123,CLIP,HEK293,Hs,QKI5
SRR7657647_2.umi_extracted.fastq.gz,QKI5_Hs_HEK293_XF4_RepA,FLASH: ultra-fast protocol to identify RNA–protein interactions in cells,Ibrahim Ilik,Asifa Akhtar,Max Planck Institute of Immunobiology and Epigenetics,HIS-STREP,iCLIP,,NextSeq 500,,,NNRRNCAAGTGNN,,,,,,,,GSM3323946,,31802123,CLIP,HEK293,Hs,QKI5
SRR7657648_1.umi_extracted.fastq.gz,QKI5_Hs_HEK293_XF4_RepB,FLASH: ultra-fast protocol to identify RNA–protein interactions in cells,Ibrahim Ilik,Asifa Akhtar,Max Planck Institute of Immunobiology and Epigenetics,HIS-STREP,iCLIP,,NextSeq 500,,,NNYYNCAAGTGNN,,,,,,,,GSM3323947,,31802123,CLIP,HEK293,Hs,QKI5
SRR7657648_2.umi_extracted.fastq.gz,QKI5_Hs_HEK293_XF4_RepB,FLASH: ultra-fast protocol to identify RNA–protein interactions in cells,Ibrahim Ilik,Asifa Akhtar,Max Planck Institute of Immunobiology and Epigenetics,HIS-STREP,iCLIP,,NextSeq 500,,,NNYYNCAAGTGNN,,,,,,,,GSM3323947,,31802123,CLIP,HEK293,Hs,QKI5
SRR7657649_1.umi_extracted.fastq.gz,QKI6_Hs_HEK293_XF4_RepA,FLASH: ultra-fast protocol to identify RNA–protein interactions in cells,Ibrahim Ilik,Asifa Akhtar,Max Planck Institute of Immunobiology and Epigenetics,HIS-STREP,iCLIP,,NextSeq 500,,,NNRRNTTAGCCNN,,,,,,,,GSM3323948,,31802123,CLIP,HEK293,Hs,QKI6
SRR7657649_2.umi_extracted.fastq.gz,QKI6_Hs_HEK293_XF4_RepA,FLASH: ultra-fast protocol to identify RNA–protein interactions in cells,Ibrahim Ilik,Asifa Akhtar,Max Planck Institute of Immunobiology and Epigenetics,HIS-STREP,iCLIP,,NextSeq 500,,,NNRRNTTAGCCNN,,,,,,,,GSM3323948,,31802123,CLIP,HEK293,Hs,QKI6
SRR7657650_1.umi_extracted.fastq.gz,QKI6_Hs_HEK293_XF4_RepB,FLASH: ultra-fast protocol to identify RNA–protein interactions in cells,Ibrahim Ilik,Asifa Akhtar,Max Planck Institute of Immunobiology and Epigenetics,HIS-STREP,iCLIP,,NextSeq 500,,,NNYYNTTAGCCNN,,,,,,,,GSM3323949,,31802123,CLIP,HEK293,Hs,QKI6
SRR7657650_2.umi_extracted.fastq.gz,QKI6_Hs_HEK293_XF4_RepB,FLASH: ultra-fast protocol to identify RNA–protein interactions in cells,Ibrahim Ilik,Asifa Akhtar,Max Planck Institute of Immunobiology and Epigenetics,HIS-STREP,iCLIP,,NextSeq 500,,,NNYYNTTAGCCNN,,,,,,,,GSM3323949,,31802123,CLIP,HEK293,Hs,QKI6
SRR7657651_1.umi_extracted.fastq.gz,GFP_Hs_HEK293_XF5_RepA,FLASH: ultra-fast protocol to identify RNA–protein interactions in cells,Ibrahim Ilik,Asifa Akhtar,Max Planck Institute of Immunobiology and Epigenetics,FLAG-STREP,iCLIP,,NextSeq 500,,,NNRRNGTGGAANN,,,,,,,,GSM3323950,,31802123,CLIP,HEK293,Hs,GFP
SRR7657651_2.umi_extracted.fastq.gz,GFP_Hs_HEK293_XF5_RepA,FLASH: ultra-fast protocol to identify RNA–protein interactions in cells,Ibrahim Ilik,Asifa Akhtar,Max Planck Institute of Immunobiology and Epigenetics,FLAG-STREP,iCLIP,,NextSeq 500,,,NNRRNGTGGAANN,,,,,,,,GSM3323950,,31802123,CLIP,HEK293,Hs,GFP
SRR7657652_1.umi_extracted.fastq.gz,GFP_Hs_HEK293_XF5_RepB,FLASH: ultra-fast protocol to identify RNA–protein interactions in cells,Ibrahim Ilik,Asifa Akhtar,Max Planck Institute of Immunobiology and Epigenetics,FLAG-STREP,iCLIP,,NextSeq 500,,,NNYYNGTGGAANN,,,,,,,,GSM3323951,,31802123,CLIP,HEK293,Hs,GFP
SRR7657652_2.umi_extracted.fastq.gz,GFP_Hs_HEK293_XF5_RepB,FLASH: ultra-fast protocol to identify RNA–protein interactions in cells,Ibrahim Ilik,Asifa Akhtar,Max Planck Institute of Immunobiology and Epigenetics,FLAG-STREP,iCLIP,,NextSeq 500,,,NNYYNGTGGAANN,,,,,,,,GSM3323951,,31802123,CLIP,HEK293,Hs,GFP
SRR7657653_1.umi_extracted.fastq.gz,QKI5_Hs_HEK293_XF5_RepA,FLASH: ultra-fast protocol to identify RNA–protein interactions in cells,Ibrahim Ilik,Asifa Akhtar,Max Planck Institute of Immunobiology and Epigenetics,FLAG-STREP,iCLIP,,NextSeq 500,,,NNRRNCAAGTGNN,,,,,,,,GSM3323952,,31802123,CLIP,HEK293,Hs,QKI5
SRR7657653_2.umi_extracted.fastq.gz,QKI5_Hs_HEK293_XF5_RepA,FLASH: ultra-fast protocol to identify RNA–protein interactions in cells,Ibrahim Ilik,Asifa Akhtar,Max Planck Institute of Immunobiology and Epigenetics,FLAG-STREP,iCLIP,,NextSeq 500,,,NNRRNCAAGTGNN,,,,,,,,GSM3323952,,31802123,CLIP,HEK293,Hs,QKI5
SRR7657654_1.umi_extracted.fastq.gz,QKI5_Hs_HEK293_XF5_RepB,FLASH: ultra-fast protocol to identify RNA–protein interactions in cells,Ibrahim Ilik,Asifa Akhtar,Max Planck Institute of Immunobiology and Epigenetics,FLAG-STREP,iCLIP,,NextSeq 500,,,NNYYNCAAGTGNN,,,,,,,,GSM3323953,,31802123,CLIP,HEK293,Hs,QKI5
SRR7657654_2.umi_extracted.fastq.gz,QKI5_Hs_HEK293_XF5_RepB,FLASH: ultra-fast protocol to identify RNA–protein interactions in cells,Ibrahim Ilik,Asifa Akhtar,Max Planck Institute of Immunobiology and Epigenetics,FLAG-STREP,iCLIP,,NextSeq 500,,,NNYYNCAAGTGNN,,,,,,,,GSM3323953,,31802123,CLIP,HEK293,Hs,QKI5
SRR7657655_1.umi_extracted.fastq.gz,QKI6_Hs_HEK293_XF5_RepA,FLASH: ultra-fast protocol to identify RNA–protein interactions in cells,Ibrahim Ilik,Asifa Akhtar,Max Planck Institute of Immunobiology and Epigenetics,FLAG-STREP,iCLIP,,NextSeq 500,,,NNRRNTTAGCCNN,,,,,,,,GSM3323954,,31802123,CLIP,HEK293,Hs,QKI6
SRR7657655_2.umi_extracted.fastq.gz,QKI6_Hs_HEK293_XF5_RepA,FLASH: ultra-fast protocol to identify RNA–protein interactions in cells,Ibrahim Ilik,Asifa Akhtar,Max Planck Institute of Immunobiology and Epigenetics,FLAG-STREP,iCLIP,,NextSeq 500,,,NNRRNTTAGCCNN,,,,,,,,GSM3323954,,31802123,CLIP,HEK293,Hs,QKI6
SRR7657656_1.umi_extracted.fastq.gz,QKI6_Hs_HEK293_XF5_RepB,FLASH: ultra-fast protocol to identify RNA–protein interactions in cells,Ibrahim Ilik,Asifa Akhtar,Max Planck Institute of Immunobiology and Epigenetics,FLAG-STREP,iCLIP,,NextSeq 500,,,NNYYNTTAGCCNN,,,,,,,,GSM3323955,,31802123,CLIP,HEK293,Hs,QKI6
SRR7657656_2.umi_extracted.fastq.gz,QKI6_Hs_HEK293_XF5_RepB,FLASH: ultra-fast protocol to identify RNA–protein interactions in cells,Ibrahim Ilik,Asifa Akhtar,Max Planck Institute of Immunobiology and Epigenetics,FLAG-STREP,iCLIP,,NextSeq 500,,,NNYYNTTAGCCNN,,,,,,,,GSM3323955,,31802123,CLIP,HEK293,Hs,QKI6
SRR7657657_1.umi_extracted.fastq.gz,GFP_Hs_HEK293_XF6_RepA,FLASH: ultra-fast protocol to identify RNA–protein interactions in cells,Ibrahim Ilik,Asifa Akhtar,Max Planck Institute of Immunobiology and Epigenetics,FLAG-STREP,iCLIP,,NextSeq 500,,,NNRRNGTGGAANN,,,,,,,,GSM3323956,,31802123,CLIP,HEK293,Hs,GFP
SRR7657657_2.umi_extracted.fastq.gz,GFP_Hs_HEK293_XF6_RepA,FLASH: ultra-fast protocol to identify RNA–protein interactions in cells,Ibrahim Ilik,Asifa Akhtar,Max Planck Institute of Immunobiology and Epigenetics,FLAG-STREP,iCLIP,,NextSeq 500,,,NNRRNGTGGAANN,,,,,,,,GSM3323956,,31802123,CLIP,HEK293,Hs,GFP
SRR7657658_1.umi_extracted.fastq.gz,GFP_Hs_HEK293_XF6_RepB,FLASH: ultra-fast protocol to identify RNA–protein interactions in cells,Ibrahim Ilik,Asifa Akhtar,Max Planck Institute of Immunobiology and Epigenetics,FLAG-STREP,iCLIP,,NextSeq 500,,,NNYYNGTGGAANN,,,,,,,,GSM3323957,,31802123,CLIP,HEK293,Hs,GFP
SRR7657658_2.umi_extracted.fastq.gz,GFP_Hs_HEK293_XF6_RepB,FLASH: ultra-fast protocol to identify RNA–protein interactions in cells,Ibrahim Ilik,Asifa Akhtar,Max Planck Institute of Immunobiology and Epigenetics,FLAG-STREP,iCLIP,,NextSeq 500,,,NNYYNGTGGAANN,,,,,,,,GSM3323957,,31802123,CLIP,HEK293,Hs,GFP
SRR7657659_1.umi_extracted.fastq.gz,QKI5_Hs_HEK293_XF6_RepA,FLASH: ultra-fast protocol to identify RNA–protein interactions in cells,Ibrahim Ilik,Asifa Akhtar,Max Planck Institute of Immunobiology and Epigenetics,FLAG-STREP,iCLIP,,NextSeq 500,,,NNRRNCAAGTGNN,,,,,,,,GSM3323958,,31802123,CLIP,HEK293,Hs,QKI5
SRR7657659_2.umi_extracted.fastq.gz,QKI5_Hs_HEK293_XF6_RepA,FLASH: ultra-fast protocol to identify RNA–protein interactions in cells,Ibrahim Ilik,Asifa Akhtar,Max Planck Institute of Immunobiology and Epigenetics,FLAG-STREP,iCLIP,,NextSeq 500,,,NNRRNCAAGTGNN,,,,,,,,GSM3323958,,31802123,CLIP,HEK293,Hs,QKI5
SRR7657660_1.umi_extracted.fastq.gz,QKI5_Hs_HEK293_XF6_RepB,FLASH: ultra-fast protocol to identify RNA–protein interactions in cells,Ibrahim Ilik,Asifa Akhtar,Max Planck Institute of Immunobiology and Epigenetics,FLAG-STREP,iCLIP,,NextSeq 500,,,NNYYNCAAGTGNN,,,,,,,,GSM3323959,,31802123,CLIP,HEK293,Hs,QKI5
SRR7657660_2.umi_extracted.fastq.gz,QKI5_Hs_HEK293_XF6_RepB,FLASH: ultra-fast protocol to identify RNA–protein interactions in cells,Ibrahim Ilik,Asifa Akhtar,Max Planck Institute of Immunobiology and Epigenetics,FLAG-STREP,iCLIP,,NextSeq 500,,,NNYYNCAAGTGNN,,,,,,,,GSM3323959,,31802123,CLIP,HEK293,Hs,QKI5
SRR7657661_1.umi_extracted.fastq.gz,QKI6_Hs_HEK293_XF6_RepA,FLASH: ultra-fast protocol to identify RNA–protein interactions in cells,Ibrahim Ilik,Asifa Akhtar,Max Planck Institute of Immunobiology and Epigenetics,FLAG-STREP,iCLIP,,NextSeq 500,,,NNRRNTTAGCCNN,,,,,,,,GSM3323960,,31802123,CLIP,HEK293,Hs,QKI6
SRR7657661_2.umi_extracted.fastq.gz,QKI6_Hs_HEK293_XF6_RepA,FLASH: ultra-fast protocol to identify RNA–protein interactions in cells,Ibrahim Ilik,Asifa Akhtar,Max Planck Institute of Immunobiology and Epigenetics,FLAG-STREP,iCLIP,,NextSeq 500,,,NNRRNTTAGCCNN,,,,,,,,GSM3323960,,31802123,CLIP,HEK293,Hs,QKI6
SRR7657662_1.umi_extracted.fastq.gz,QKI6_Hs_HEK293_XF6_RepB,FLASH: ultra-fast protocol to identify RNA–protein interactions in cells,Ibrahim Ilik,Asifa Akhtar,Max Planck Institute of Immunobiology and Epigenetics,FLAG-STREP,iCLIP,,NextSeq 500,,,NNYYNTTAGCCNN,,,,,,,,GSM3323961,,31802123,CLIP,HEK293,Hs,QKI6
SRR7657662_2.umi_extracted.fastq.gz,QKI6_Hs_HEK293_XF6_RepB,FLASH: ultra-fast protocol to identify RNA–protein interactions in cells,Ibrahim Ilik,Asifa Akhtar,Max Planck Institute of Immunobiology and Epigenetics,FLAG-STREP,iCLIP,,NextSeq 500,,,NNYYNTTAGCCNN,,,,,,,,GSM3323961,,31802123,CLIP,HEK293,Hs,QKI6
SRR7657663_1.umi_extracted.fastq.gz,GFP_Hs_HEK293_XF7_RepA,FLASH: ultra-fast protocol to identify RNA–protein interactions in cells,Ibrahim Ilik,Asifa Akhtar,Max Planck Institute of Immunobiology and Epigenetics,FLAG-STREP,iCLIP,,NextSeq 500,,,NNRRNGTGGAANN,,,,,,,,GSM3323962,,31802123,CLIP,HEK293,Hs,GFP
SRR7657663_2.umi_extracted.fastq.gz,GFP_Hs_HEK293_XF7_RepA,FLASH: ultra-fast protocol to identify RNA–protein interactions in cells,Ibrahim Ilik,Asifa Akhtar,Max Planck Institute of Immunobiology and Epigenetics,FLAG-STREP,iCLIP,,NextSeq 500,,,NNRRNGTGGAANN,,,,,,,,GSM3323962,,31802123,CLIP,HEK293,Hs,GFP
SRR7657664_1.umi_extracted.fastq.gz,GFP_Hs_HEK293_XF7_RepB,FLASH: ultra-fast protocol to identify RNA–protein interactions in cells,Ibrahim Ilik,Asifa Akhtar,Max Planck Institute of Immunobiology and Epigenetics,FLAG-STREP,iCLIP,,NextSeq 500,,,NNYYNGTGGAANN,,,,,,,,GSM3323963,,31802123,CLIP,HEK293,Hs,GFP
SRR7657664_2.umi_extracted.fastq.gz,GFP_Hs_HEK293_XF7_RepB,FLASH: ultra-fast protocol to identify RNA–protein interactions in cells,Ibrahim Ilik,Asifa Akhtar,Max Planck Institute of Immunobiology and Epigenetics,FLAG-STREP,iCLIP,,NextSeq 500,,,NNYYNGTGGAANN,,,,,,,,GSM3323963,,31802123,CLIP,HEK293,Hs,GFP
SRR7657665_1.umi_extracted.fastq.gz,QKI5_Hs_HEK293_XF7_RepA,FLASH: ultra-fast protocol to identify RNA–protein interactions in cells,Ibrahim Ilik,Asifa Akhtar,Max Planck Institute of Immunobiology and Epigenetics,FLAG-STREP,iCLIP,,NextSeq 500,,,NNRRNCAAGTGNN,,,,,,,,GSM3323964,,31802123,CLIP,HEK293,Hs,QKI5
SRR7657665_2.umi_extracted.fastq.gz,QKI5_Hs_HEK293_XF7_RepA,FLASH: ultra-fast protocol to identify RNA–protein interactions in cells,Ibrahim Ilik,Asifa Akhtar,Max Planck Institute of Immunobiology and Epigenetics,FLAG-STREP,iCLIP,,NextSeq 500,,,NNRRNCAAGTGNN,,,,,,,,GSM3323964,,31802123,CLIP,HEK293,Hs,QKI5
SRR7657666_1.umi_extracted.fastq.gz,QKI5_Hs_HEK293_XF7_RepB,FLASH: ultra-fast protocol to identify RNA–protein interactions in cells,Ibrahim Ilik,Asifa Akhtar,Max Planck Institute of Immunobiology and Epigenetics,FLAG-STREP,iCLIP,,NextSeq 500,,,NNYYNCAAGTGNN,,,,,,,,GSM3323965,,31802123,CLIP,HEK293,Hs,QKI5
SRR7657666_2.umi_extracted.fastq.gz,QKI5_Hs_HEK293_XF7_RepB,FLASH: ultra-fast protocol to identify RNA–protein interactions in cells,Ibrahim Ilik,Asifa Akhtar,Max Planck Institute of Immunobiology and Epigenetics,FLAG-STREP,iCLIP,,NextSeq 500,,,NNYYNCAAGTGNN,,,,,,,,GSM3323965,,31802123,CLIP,HEK293,Hs,QKI5
SRR7657667_1.umi_extracted.fastq.gz,QKI6_Hs_HEK293_XF7_RepA,FLASH: ultra-fast protocol to identify RNA–protein interactions in cells,Ibrahim Ilik,Asifa Akhtar,Max Planck Institute of Immunobiology and Epigenetics,FLAG-STREP,iCLIP,,NextSeq 500,,,NNRRNTTAGCCNN,,,,,,,,GSM3323966,,31802123,CLIP,HEK293,Hs,QKI6
SRR7657667_2.umi_extracted.fastq.gz,QKI6_Hs_HEK293_XF7_RepA,FLASH: ultra-fast protocol to identify RNA–protein interactions in cells,Ibrahim Ilik,Asifa Akhtar,Max Planck Institute of Immunobiology and Epigenetics,FLAG-STREP,iCLIP,,NextSeq 500,,,NNRRNTTAGCCNN,,,,,,,,GSM3323966,,31802123,CLIP,HEK293,Hs,QKI6
SRR7657668_1.umi_extracted.fastq.gz,QKI6_Hs_HEK293_XF7_RepB,FLASH: ultra-fast protocol to identify RNA–protein interactions in cells,Ibrahim Ilik,Asifa Akhtar,Max Planck Institute of Immunobiology and Epigenetics,FLAG-STREP,iCLIP,,NextSeq 500,,,NNYYNTTAGCCNN,,,,,,,,GSM3323967,,31802123,CLIP,HEK293,Hs,QKI6
SRR7657668_2.umi_extracted.fastq.gz,QKI6_Hs_HEK293_XF7_RepB,FLASH: ultra-fast protocol to identify RNA–protein interactions in cells,Ibrahim Ilik,Asifa Akhtar,Max Planck Institute of Immunobiology and Epigenetics,FLAG-STREP,iCLIP,,NextSeq 500,,,NNYYNTTAGCCNN,,,,,,,,GSM3323967,,31802123,CLIP,HEK293,Hs,QKI6
SRR7657669_1.umi_extracted.fastq.gz,GFP_Hs_HEK293_XF8_RepA,FLASH: ultra-fast protocol to identify RNA–protein interactions in cells,Ibrahim Ilik,Asifa Akhtar,Max Planck Institute of Immunobiology and Epigenetics,FLAG-STREP,iCLIP,,NextSeq 500,,,NNRRNGTGGAANN,,,,,,,,GSM3323968,,31802123,CLIP,HEK293,Hs,GFP
SRR7657669_2.umi_extracted.fastq.gz,GFP_Hs_HEK293_XF8_RepA,FLASH: ultra-fast protocol to identify RNA–protein interactions in cells,Ibrahim Ilik,Asifa Akhtar,Max Planck Institute of Immunobiology and Epigenetics,FLAG-STREP,iCLIP,,NextSeq 500,,,NNRRNGTGGAANN,,,,,,,,GSM3323968,,31802123,CLIP,HEK293,Hs,GFP
SRR7657670_1.umi_extracted.fastq.gz,GFP_Hs_HEK293_XF8_RepB,FLASH: ultra-fast protocol to identify RNA–protein interactions in cells,Ibrahim Ilik,Asifa Akhtar,Max Planck Institute of Immunobiology and Epigenetics,FLAG-STREP,iCLIP,,NextSeq 500,,,NNYYNGTGGAANN,,,,,,,,GSM3323969,,31802123,CLIP,HEK293,Hs,GFP
SRR7657670_2.umi_extracted.fastq.gz,GFP_Hs_HEK293_XF8_RepB,FLASH: ultra-fast protocol to identify RNA–protein interactions in cells,Ibrahim Ilik,Asifa Akhtar,Max Planck Institute of Immunobiology and Epigenetics,FLAG-STREP,iCLIP,,NextSeq 500,,,NNYYNGTGGAANN,,,,,,,,GSM3323969,,31802123,CLIP,HEK293,Hs,GFP
SRR7657671_1.umi_extracted.fastq.gz,QKI5_Hs_HEK293_XF8_RepA,FLASH: ultra-fast protocol to identify RNA–protein interactions in cells,Ibrahim Ilik,Asifa Akhtar,Max Planck Institute of Immunobiology and Epigenetics,FLAG-STREP,iCLIP,,NextSeq 500,,,NNRRNCAAGTGNN,,,,,,,,GSM3323970,,31802123,CLIP,HEK293,Hs,QKI5
SRR7657671_2.umi_extracted.fastq.gz,QKI5_Hs_HEK293_XF8_RepA,FLASH: ultra-fast protocol to identify RNA–protein interactions in cells,Ibrahim Ilik,Asifa Akhtar,Max Planck Institute of Immunobiology and Epigenetics,FLAG-STREP,iCLIP,,NextSeq 500,,,NNRRNCAAGTGNN,,,,,,,,GSM3323970,,31802123,CLIP,HEK293,Hs,QKI5
SRR7657672_1.umi_extracted.fastq.gz,QKI5_Hs_HEK293_XF8_RepB,FLASH: ultra-fast protocol to identify RNA–protein interactions in cells,Ibrahim Ilik,Asifa Akhtar,Max Planck Institute of Immunobiology and Epigenetics,FLAG-STREP,iCLIP,,NextSeq 500,,,NNYYNCAAGTGNN,,,,,,,,GSM3323971,,31802123,CLIP,HEK293,Hs,QKI5
SRR7657672_2.umi_extracted.fastq.gz,QKI5_Hs_HEK293_XF8_RepB,FLASH: ultra-fast protocol to identify RNA–protein interactions in cells,Ibrahim Ilik,Asifa Akhtar,Max Planck Institute of Immunobiology and Epigenetics,FLAG-STREP,iCLIP,,NextSeq 500,,,NNYYNCAAGTGNN,,,,,,,,GSM3323971,,31802123,CLIP,HEK293,Hs,QKI5
SRR7657673_1.umi_extracted.fastq.gz,QKI6_Hs_HEK293_XF8_RepA,FLASH: ultra-fast protocol to identify RNA–protein interactions in cells,Ibrahim Ilik,Asifa Akhtar,Max Planck Institute of Immunobiology and Epigenetics,FLAG-STREP,iCLIP,,NextSeq 500,,,NNRRNTTAGCCNN,,,,,,,,GSM3323972,,31802123,CLIP,HEK293,Hs,QKI6
SRR7657673_2.umi_extracted.fastq.gz,QKI6_Hs_HEK293_XF8_RepA,FLASH: ultra-fast protocol to identify RNA–protein interactions in cells,Ibrahim Ilik,Asifa Akhtar,Max Planck Institute of Immunobiology and Epigenetics,FLAG-STREP,iCLIP,,NextSeq 500,,,NNRRNTTAGCCNN,,,,,,,,GSM3323972,,31802123,CLIP,HEK293,Hs,QKI6
SRR7657674_1.umi_extracted.fastq.gz,QKI6_Hs_HEK293_XF8_RepB,FLASH: ultra-fast protocol to identify RNA–protein interactions in cells,Ibrahim Ilik,Asifa Akhtar,Max Planck Institute of Immunobiology and Epigenetics,FLAG-STREP,iCLIP,,NextSeq 500,,,NNYYNTTAGCCNN,,,,,,,,GSM3323973,,31802123,CLIP,HEK293,Hs,QKI6
SRR7657674_2.umi_extracted.fastq.gz,QKI6_Hs_HEK293_XF8_RepB,FLASH: ultra-fast protocol to identify RNA–protein interactions in cells,Ibrahim Ilik,Asifa Akhtar,Max Planck Institute of Immunobiology and Epigenetics,FLAG-STREP,iCLIP,,NextSeq 500,,,NNYYNTTAGCCNN,,,,,,,,GSM3323973,,31802123,CLIP,HEK293,Hs,QKI6
SRR7657675_1.umi_extracted.fastq.gz,IgG_Hs_HEK293_XL17_Rep1,FLASH: ultra-fast protocol to identify RNA–protein interactions in cells,Ibrahim Ilik,Asifa Akhtar,Max Planck Institute of Immunobiology and Epigenetics,mouse IgG (Santa Cruz sc-2025),iCLIP,,NextSeq 500,,,NNBBNGTGGAANN,,,,,,,,GSM3323974,,31802123,CLIP,HEK293,Hs,IgG
SRR7657675_2.umi_extracted.fastq.gz,IgG_Hs_HEK293_XL17_Rep1,FLASH: ultra-fast protocol to identify RNA–protein interactions in cells,Ibrahim Ilik,Asifa Akhtar,Max Planck Institute of Immunobiology and Epigenetics,mouse IgG (Santa Cruz sc-2025),iCLIP,,NextSeq 500,,,NNBBNGTGGAANN,,,,,,,,GSM3323974,,31802123,CLIP,HEK293,Hs,IgG
SRR7657676_1.umi_extracted.fastq.gz,IgG_Hs_HEK293_XL17_Rep2,FLASH: ultra-fast protocol to identify RNA–protein interactions in cells,Ibrahim Ilik,Asifa Akhtar,Max Planck Institute of Immunobiology and Epigenetics,mouse IgG (Santa Cruz sc-2025),iCLIP,,NextSeq 500,,,NNBBNTGTGAGNN,,,,,,,,GSM3323975,,31802123,CLIP,HEK293,Hs,IgG
SRR7657676_2.umi_extracted.fastq.gz,IgG_Hs_HEK293_XL17_Rep2,FLASH: ultra-fast protocol to identify RNA–protein interactions in cells,Ibrahim Ilik,Asifa Akhtar,Max Planck Institute of Immunobiology and Epigenetics,mouse IgG (Santa Cruz sc-2025),iCLIP,,NextSeq 500,,,NNBBNTGTGAGNN,,,,,,,,GSM3323975,,31802123,CLIP,HEK293,Hs,IgG
SRR7657677_1.umi_extracted.fastq.gz,U2AF65_Hs_HEK293_XL17_Rep1,FLASH: ultra-fast protocol to identify RNA–protein interactions in cells,Ibrahim Ilik,Asifa Akhtar,Max Planck Institute of Immunobiology and Epigenetics,cat anti-U2AF65 (U4758 Sigma-Aldrich),iCLIP,,NextSeq 500,,,NNBBNCAAGTGNN,,,,,,,,GSM3323976,,31802123,CLIP,HEK293,Hs,U2AF65
SRR7657677_2.umi_extracted.fastq.gz,U2AF65_Hs_HEK293_XL17_Rep1,FLASH: ultra-fast protocol to identify RNA–protein interactions in cells,Ibrahim Ilik,Asifa Akhtar,Max Planck Institute of Immunobiology and Epigenetics,cat anti-U2AF65 (U4758 Sigma-Aldrich),iCLIP,,NextSeq 500,,,NNBBNCAAGTGNN,,,,,,,,GSM3323976,,31802123,CLIP,HEK293,Hs,U2AF65
SRR7657678_1.umi_extracted.fastq.gz,U2AF65_Hs_HEK293_XL17_Rep2,FLASH: ultra-fast protocol to identify RNA–protein interactions in cells,Ibrahim Ilik,Asifa Akhtar,Max Planck Institute of Immunobiology and Epigenetics,cat anti-U2AF65 (U4758 Sigma-Aldrich),iCLIP,,NextSeq 500,,,NNBBNTTAGCCNN,,,,,,,,GSM3323977,,31802123,CLIP,HEK293,Hs,U2AF65
SRR7657678_2.umi_extracted.fastq.gz,U2AF65_Hs_HEK293_XL17_Rep2,FLASH: ultra-fast protocol to identify RNA–protein interactions in cells,Ibrahim Ilik,Asifa Akhtar,Max Planck Institute of Immunobiology and Epigenetics,cat anti-U2AF65 (U4758 Sigma-Aldrich),iCLIP,,NextSeq 500,,,NNBBNTTAGCCNN,,,,,,,,GSM3323977,,31802123,CLIP,HEK293,Hs,U2AF65
SRR7657679_1.umi_extracted.fastq.gz,IgG_Hs_HEK293_XL18_Rep1,FLASH: ultra-fast protocol to identify RNA–protein interactions in cells,Ibrahim Ilik,Asifa Akhtar,Max Planck Institute of Immunobiology and Epigenetics,mouse IgG (Santa Cruz sc-2025),iCLIP,,NextSeq 500,,,NNBBNGTGGAANN,,,,,,,,GSM3323978,,31802123,CLIP,HEK293,Hs,IgG
SRR7657679_2.umi_extracted.fastq.gz,IgG_Hs_HEK293_XL18_Rep1,FLASH: ultra-fast protocol to identify RNA–protein interactions in cells,Ibrahim Ilik,Asifa Akhtar,Max Planck Institute of Immunobiology and Epigenetics,mouse IgG (Santa Cruz sc-2025),iCLIP,,NextSeq 500,,,NNBBNGTGGAANN,,,,,,,,GSM3323978,,31802123,CLIP,HEK293,Hs,IgG
SRR7657680_1.umi_extracted.fastq.gz,IgG_Hs_HEK293_XL18_Rep2,FLASH: ultra-fast protocol to identify RNA–protein interactions in cells,Ibrahim Ilik,Asifa Akhtar,Max Planck Institute of Immunobiology and Epigenetics,mouse IgG (Santa Cruz sc-2025),iCLIP,,NextSeq 500,,,NNBBNTGTGAGNN,,,,,,,,GSM3323979,,31802123,CLIP,HEK293,Hs,IgG
SRR7657680_2.umi_extracted.fastq.gz,IgG_Hs_HEK293_XL18_Rep2,FLASH: ultra-fast protocol to identify RNA–protein interactions in cells,Ibrahim Ilik,Asifa Akhtar,Max Planck Institute of Immunobiology and Epigenetics,mouse IgG (Santa Cruz sc-2025),iCLIP,,NextSeq 500,,,NNBBNTGTGAGNN,,,,,,,,GSM3323979,,31802123,CLIP,HEK293,Hs,IgG
SRR7657681_1.umi_extracted.fastq.gz,U2AF65_Hs_HEK293_XL18_Rep1,FLASH: ultra-fast protocol to identify RNA–protein interactions in cells,Ibrahim Ilik,Asifa Akhtar,Max Planck Institute of Immunobiology and Epigenetics,cat anti-U2AF65 (U4758 Sigma-Aldrich),iCLIP,,NextSeq 500,,,NNBBNCAAGTGNN,,,,,,,,GSM3323980,,31802123,CLIP,HEK293,Hs,U2AF65
SRR7657681_2.umi_extracted.fastq.gz,U2AF65_Hs_HEK293_XL18_Rep1,FLASH: ultra-fast protocol to identify RNA–protein interactions in cells,Ibrahim Ilik,Asifa Akhtar,Max Planck Institute of Immunobiology and Epigenetics,cat anti-U2AF65 (U4758 Sigma-Aldrich),iCLIP,,NextSeq 500,,,NNBBNCAAGTGNN,,,,,,,,GSM3323980,,31802123,CLIP,HEK293,Hs,U2AF65
SRR7657682_1.umi_extracted.fastq.gz,U2AF65_Hs_HEK293_XL18_Rep2,FLASH: ultra-fast protocol to identify RNA–protein interactions in cells,Ibrahim Ilik,Asifa Akhtar,Max Planck Institute of Immunobiology and Epigenetics,cat anti-U2AF65 (U4758 Sigma-Aldrich),iCLIP,,NextSeq 500,,,NNBBNTTAGCCNN,,,,,,,,GSM3323981,,31802123,CLIP,HEK293,Hs,U2AF65
SRR7657682_2.umi_extracted.fastq.gz,U2AF65_Hs_HEK293_XL18_Rep2,FLASH: ultra-fast protocol to identify RNA–protein interactions in cells,Ibrahim Ilik,Asifa Akhtar,Max Planck Institute of Immunobiology and Epigenetics,cat anti-U2AF65 (U4758 Sigma-Aldrich),iCLIP,,NextSeq 500,,,NNBBNTTAGCCNN,,,,,,,,GSM3323981,,31802123,CLIP,HEK293,Hs,U2AF65
SRR7657683_1.umi_extracted.fastq.gz,GFP_Hs_HEK293_XL21_Rep1,FLASH: ultra-fast protocol to identify RNA–protein interactions in cells,Ibrahim Ilik,Asifa Akhtar,Max Planck Institute of Immunobiology and Epigenetics,HIS-STREP,iCLIP,,NextSeq 500,,,NNBBNGTGGAANN,,,,,,,,GSM3323982,,31802123,CLIP,HEK293,Hs,GFP
SRR7657683_2.umi_extracted.fastq.gz,GFP_Hs_HEK293_XL21_Rep1,FLASH: ultra-fast protocol to identify RNA–protein interactions in cells,Ibrahim Ilik,Asifa Akhtar,Max Planck Institute of Immunobiology and Epigenetics,HIS-STREP,iCLIP,,NextSeq 500,,,NNBBNGTGGAANN,,,,,,,,GSM3323982,,31802123,CLIP,HEK293,Hs,GFP
SRR7657684_1.umi_extracted.fastq.gz,GFP_Hs_HEK293_XL21_Rep2,FLASH: ultra-fast protocol to identify RNA–protein interactions in cells,Ibrahim Ilik,Asifa Akhtar,Max Planck Institute of Immunobiology and Epigenetics,HIS-STREP,iCLIP,,NextSeq 500,,,NNBBNTGTGAGNN,,,,,,,,GSM3323983,,31802123,CLIP,HEK293,Hs,GFP
SRR7657684_2.umi_extracted.fastq.gz,GFP_Hs_HEK293_XL21_Rep2,FLASH: ultra-fast protocol to identify RNA–protein interactions in cells,Ibrahim Ilik,Asifa Akhtar,Max Planck Institute of Immunobiology and Epigenetics,HIS-STREP,iCLIP,,NextSeq 500,,,NNBBNTGTGAGNN,,,,,,,,GSM3323983,,31802123,CLIP,HEK293,Hs,GFP
SRR7657685_1.umi_extracted.fastq.gz,U2AF65_Hs_HEK293_XL21_Rep1,FLASH: ultra-fast protocol to identify RNA–protein interactions in cells,Ibrahim Ilik,Asifa Akhtar,Max Planck Institute of Immunobiology and Epigenetics,HIS-STREP,iCLIP,,NextSeq 500,,,NNBBNCAAGTGNN,,,,,,,,GSM3323984,,31802123,CLIP,HEK293,Hs,U2AF65
SRR7657685_2.umi_extracted.fastq.gz,U2AF65_Hs_HEK293_XL21_Rep1,FLASH: ultra-fast protocol to identify RNA–protein interactions in cells,Ibrahim Ilik,Asifa Akhtar,Max Planck Institute of Immunobiology and Epigenetics,HIS-STREP,iCLIP,,NextSeq 500,,,NNBBNCAAGTGNN,,,,,,,,GSM3323984,,31802123,CLIP,HEK293,Hs,U2AF65
SRR7657686_1.umi_extracted.fastq.gz,U2AF65_Hs_HEK293_XL21_Rep2,FLASH: ultra-fast protocol to identify RNA–protein interactions in cells,Ibrahim Ilik,Asifa Akhtar,Max Planck Institute of Immunobiology and Epigenetics,HIS-STREP,iCLIP,,NextSeq 500,,,NNBBNTTAGCCNN,,,,,,,,GSM3323985,,31802123,CLIP,HEK293,Hs,U2AF65
SRR7657686_2.umi_extracted.fastq.gz,U2AF65_Hs_HEK293_XL21_Rep2,FLASH: ultra-fast protocol to identify RNA–protein interactions in cells,Ibrahim Ilik,Asifa Akhtar,Max Planck Institute of Immunobiology and Epigenetics,HIS-STREP,iCLIP,,NextSeq 500,,,NNBBNTTAGCCNN,,,,,,,,GSM3323985,,31802123,CLIP,HEK293,Hs,U2AF65
SRR7657687_1.umi_extracted.fastq.gz,U2AF65_Hs_HEK293_XL22_Rep1,FLASH: ultra-fast protocol to identify RNA–protein interactions in cells,Ibrahim Ilik,Asifa Akhtar,Max Planck Institute of Immunobiology and Epigenetics,HIS-STREP,iCLIP,,NextSeq 500,,,NNBBNTGTGAGNN,,,,,,,,GSM3323986,,31802123,CLIP,HEK293,Hs,U2AF65
SRR7657687_2.umi_extracted.fastq.gz,U2AF65_Hs_HEK293_XL22_Rep1,FLASH: ultra-fast protocol to identify RNA–protein interactions in cells,Ibrahim Ilik,Asifa Akhtar,Max Planck Institute of Immunobiology and Epigenetics,HIS-STREP,iCLIP,,NextSeq 500,,,NNBBNTGTGAGNN,,,,,,,,GSM3323986,,31802123,CLIP,HEK293,Hs,U2AF65
SRR7657688_1.umi_extracted.fastq.gz,U2AF65_Hs_HEK293_XL22_Rep2,FLASH: ultra-fast protocol to identify RNA–protein interactions in cells,Ibrahim Ilik,Asifa Akhtar,Max Planck Institute of Immunobiology and Epigenetics,HIS-STREP,iCLIP,,NextSeq 500,,,NNBBNTGGAACNN,,,,,,,,GSM3323987,,31802123,CLIP,HEK293,Hs,U2AF65
SRR7657688_2.umi_extracted.fastq.gz,U2AF65_Hs_HEK293_XL22_Rep2,FLASH: ultra-fast protocol to identify RNA–protein interactions in cells,Ibrahim Ilik,Asifa Akhtar,Max Planck Institute of Immunobiology and Epigenetics,HIS-STREP,iCLIP,,NextSeq 500,,,NNBBNTGGAACNN,,,,,,,,GSM3323987,,31802123,,HEK293,Hs,U2AF65
